<?xml version="1.0" encoding="UTF-8"?>
<project-private xmlns="http://www.netbeans.org/ns/project-private/1">
    <editor-bookmarks xmlns="http://www.netbeans.org/ns/editor-bookmarks/2" lastBookmarkId="0"/>
    <open-files xmlns="http://www.netbeans.org/ns/projectui-open-files/2">
        <group>
            <file>file:/C:/Users/luisf/OneDrive/Documentos/NetBeansProjects/TALLER-2/web/index.html</file>
            <file>file:/C:/Users/luisf/OneDrive/Documentos/NetBeansProjects/TALLER-2/web/registroVotante.jsp</file>
            <file>file:/C:/Users/luisf/OneDrive/Documentos/NetBeansProjects/TALLER-2/src/java/RegistroVotanteServlet.java</file>
            <file>file:/C:/Users/luisf/OneDrive/Documentos/NetBeansProjects/TALLER-2/web/mostrarVotantes.jsp</file>
            <file>file:/C:/Users/luisf/OneDrive/Documentos/NetBeansProjects/TALLER-2/src/java/EleccionServlet.java</file>
            <file>file:/C:/Users/luisf/OneDrive/Documentos/NetBeansProjects/TALLER-2/web/eleccion.jsp</file>
            <file>file:/C:/Users/luisf/OneDrive/Documentos/NetBeansProjects/TALLER-2/web/mostrarElecciones.jsp</file>
            <file>file:/C:/Users/luisf/OneDrive/Documentos/NetBeansProjects/TALLER-2/src/java/modelo/Votante.java</file>
            <file>file:/C:/Users/luisf/OneDrive/Documentos/NetBeansProjects/TALLER-2/web/registroCandidato.jsp</file>
            <file>file:/C:/Users/luisf/OneDrive/Documentos/NetBeansProjects/TALLER-2/src/java/modelo/Candidato.java</file>
            <file>file:/C:/Users/luisf/OneDrive/Documentos/NetBeansProjects/TALLER-2/src/java/RegistroCandidatoServlet.java</file>
            <file>file:/C:/Users/luisf/OneDrive/Documentos/NetBeansProjects/TALLER-2/web/mostrarCandidatos.jsp</file>
            <file>file:/C:/Users/luisf/OneDrive/Documentos/NetBeansProjects/TALLER-2/src/java/conectar/conexion.java</file>
        </group>
    </open-files>
</project-private>
